"Practice_Code","Type","PCN","PCN_Code","Locality","Locality_Code","LA","LA_Code"
"M81062","Main","South Birmingham Alliance","U13655","South","BSOL011","Birmingham","E08000025"
"M85001","Main","North Birmingham","U43660","North","BSOL009","Birmingham","E08000025"
"M85002","Main","Modality","U44537","West","BSOL012","Birmingham","E08000025"
"M85002 001","Branch","Modality","U44537","West","BSOL012","Birmingham","E08000025"
"M85005","Main","Small Heath","U15552","East","BSOL010","Birmingham","E08000025"
"M85006","Main","Moseley, Billesley and Yardley Wood","U69625","Central","BSOL008","Birmingham","E08000025"
"M85007","Main","South West Birmingham","U91268","South","BSOL011","Birmingham","E08000025"
"H7DBT","Branch","Bordesley East","U46437","East","BSOL010","Birmingham","E08000025"
"M85009","Main","Peoples Health Partnership","U25240","West","BSOL012","Birmingham","E08000025"
"M85009 001","Branch","Peoples Health Partnership","U25240","West","BSOL012","Birmingham","E08000025"
"M85011","Main","Bordesley East","U46437","East","BSOL010","Birmingham","E08000025"
"M85013","Main","Birmingham East Central","U79433","East","BSOL010","Birmingham","E08000025"
"M85014","Main","North Birmingham","U43660","North","BSOL009","Birmingham","E08000025"
"M85016","Main","GOSK","U82305","North","BSOL009","Birmingham","E08000025"
"M85018","Main","Moseley, Billesley and Yardley Wood","U69625","Central","BSOL008","Birmingham","E08000025"
"M85019","Main","Pioneers Integrated Partnership","U54554","West","BSOL012","Birmingham","E08000025"
"M85020","Main","I3","U65968","West","BSOL012","Birmingham","E08000025"
"M85021","Main","Pershore","U88190","Central","BSOL008","Birmingham","E08000025"
"M85023","Main","Weoley and Rubery","U51153","South","BSOL011","Birmingham","E08000025"
"M85024","Main","Small Heath","U15552","East","BSOL010","Birmingham","E08000025"
"M85024 002","Branch","Small Heath","U15552","East","BSOL010","Birmingham","E08000025"
"M85025","Main","Edgbaston","U27129","South","BSOL011","Birmingham","E08000025"
"M85026","Main","Alliance of Sutton Practices","U47609","North","BSOL009","Birmingham","E08000025"
"M85027","Main","Weoley and Rubery","U51153","South","BSOL011","Birmingham","E08000025"
"M85028","Main","Quinton and Harborne","U79381","South","BSOL011","Birmingham","E08000025"
"M85028 001","Branch","Quinton and Harborne","U79381","South","BSOL011","Birmingham","E08000025"
"M85028 002","Branch","Quinton and Harborne","U79381","South","BSOL011","Birmingham","E08000025"
"M85029","Main","Bournville and Northfield","U27366","South","BSOL011","Birmingham","E08000025"
"M85030","Main","Bournville and Northfield","U27366","South","BSOL011","Birmingham","E08000025"
"M85031","Main","Shard End and Kitts Green","U72309","East","BSOL010","Birmingham","E08000025"
"M85033","Main","Alliance of Sutton Practices","U47609","North","BSOL009","Birmingham","E08000025"
"M85033 001","Branch","Alliance of Sutton Practices","U47609","North","BSOL009","Birmingham","E08000025"
"M85034","Main","Birmingham East Central","U79433","East","BSOL010","Birmingham","E08000025"
"M85035","Main","Weoley and Rubery","U51153","South","BSOL011","Birmingham","E08000025"
"M85037","Main","Pershore","U88190","Central","BSOL008","Birmingham","E08000025"
"M85041","Main","Harborne","U46454","South","BSOL011","Birmingham","E08000025"
"M85042","Main","Pershore","U88190","Central","BSOL008","Birmingham","E08000025"
"M85043","Main","South West Birmingham","U91268","South","BSOL011","Birmingham","E08000025"
"M85046","Main","Sutton Group Practice","U65039","North","BSOL009","Birmingham","E08000025"
"M85046 001","Branch","Sutton Group Practice","U65039","North","BSOL009","Birmingham","E08000025"
"M85046 002","Branch","Sutton Group Practice","U65039","North","BSOL009","Birmingham","E08000025"
"M85046 003","Branch","Sutton Group Practice","U65039","North","BSOL009","Birmingham","E08000025"
"M85046 004","Branch","Sutton Group Practice","U65039","North","BSOL009","Birmingham","E08000025"
"M85046 005","Branch","Sutton Group Practice","U65039","North","BSOL009","Birmingham","E08000025"
"M85047","Main","South West Birmingham","U91268","South","BSOL011","Birmingham","E08000025"
"M85048","Main","Shard End and Kitts Green","U72309","East","BSOL010","Birmingham","E08000025"
"M85048 001","Branch","Shard End and Kitts Green","U72309","East","BSOL010","Birmingham","E08000025"
"M85051","Main","Balsall Heath, Sparkhill & Moseley","U54948","Central","BSOL008","Birmingham","E08000025"
"M85053","Main","Nechells, Saltley & Alum Rock","U79003","East","BSOL010","Birmingham","E08000025"
"M85055","Main","Pershore","U88190","Central","BSOL008","Birmingham","E08000025"
"M85056","Main","Weoley and Rubery","U51153","South","BSOL011","Birmingham","E08000025"
"M85056 001","Branch","Weoley and Rubery","U51153","South","BSOL011","Birmingham","E08000025"
"M85058","Main","Harborne","U46454","South","BSOL011","Birmingham","E08000025"
"M85060","Main","Kingstanding, Erdington & Nechells","U18195","North","BSOL009","Birmingham","E08000025"
"M85060 001","Branch","Kingstanding, Erdington & Nechells","U18195","North","BSOL009","Birmingham","E08000025"
"M85061","Main","Birmingham East Central","U79433","East","BSOL010","Birmingham","E08000025"
"M85062","Main","South West Birmingham","U91268","South","BSOL011","Birmingham","E08000025"
"M85063","Main","MMP Central and North","U74554","North","BSOL009","Birmingham","E08000025"
"M85063 001","Branch","MMP Central and North","U74554","North","BSOL009","Birmingham","E08000025"
"M85063 002","Branch","MMP Central and North","U74554","North","BSOL009","Birmingham","E08000025"
"M85063 003","Branch","MMP Central and North","U74554","North","BSOL009","Birmingham","E08000025"
"M85063 004","Branch","MMP Central and North","U74554","North","BSOL009","Birmingham","E08000025"
"M85063 005","Branch","MMP Central and North","U74554","Central","BSOL008","Birmingham","E08000025"
"M85063 006","Branch","MMP Central and North","U74554","Central","BSOL008","Birmingham","E08000025"
"M85063 007","Branch","MMP Central and North","U74554","Central","BSOL008","Birmingham","E08000025"
"M85063 008","Branch","MMP Central and North","U74554","Central","BSOL008","Birmingham","E08000025"
"M85063 010","Branch","MMP Central and North","U74554","Central","BSOL008","Birmingham","E08000025"
"M85065","Main","North Birmingham","U43660","North","BSOL009","Birmingham","E08000025"
"M85066","Main","Washwood Heath","U76419","East","BSOL010","Birmingham","E08000025"
"M85069","Main","Modality","U44537","West","BSOL012","Birmingham","E08000025"
"M85070","Main","North Birmingham","U43660","North","BSOL009","Birmingham","E08000025"
"M85071","Main","Bournville and Northfield","U27366","South","BSOL011","Birmingham","E08000025"
"M85074","Main","Moseley, Billesley and Yardley Wood","U69625","Central","BSOL008","Birmingham","E08000025"
"M85076","Main","South Birmingham Alliance","U13655","South","BSOL011","Birmingham","E08000025"
"M85077","Main","South Birmingham Alliance","U13655","South","BSOL011","Birmingham","E08000025"
"M85077 001","Branch","OHP",NA,"South","BSOL011","Birmingham","E08000025"
"M85078","Main","SmartCare Central","U22471","Central","BSOL008","Birmingham","E08000025"
"M85079","Main","Shard End and Kitts Green","U72309","East","BSOL010","Birmingham","E08000025"
"M85081","Main","Kingstanding, Erdington & Nechells","U18195","North","BSOL009","Birmingham","E08000025"
"M85082","Main","Pioneers Integrated Partnership","U54554","West","BSOL012","Birmingham","E08000025"
"M85084","Main","Edgbaston","U27129","South","BSOL011","Birmingham","E08000025"
"M85086","Main","South Birmingham Alliance","U13655","South","BSOL011","Birmingham","E08000025"
"M85087","Main","Kingstanding, Erdington & Nechells","U18195","North","BSOL009","Birmingham","E08000025"
"M85088","Main","Edgbaston","U27129","South","BSOL011","Birmingham","E08000025"
"M85094","Main","Small Heath","U15552","East","BSOL010","Birmingham","E08000025"
"M85097","Main","SmartCare Central","U22471","Central","BSOL008","Birmingham","E08000025"
"M85098","Main","I3","U65968","West","BSOL012","Birmingham","E08000025"
"M85105","Main","Moseley, Billesley and Yardley Wood","U69625","Central","BSOL008","Birmingham","E08000025"
"M85107","Main","Shard End and Kitts Green","U72309","East","BSOL010","Birmingham","E08000025"
"M85108","Main","Kingstanding, Erdington & Nechells","U18195","North","BSOL009","Birmingham","E08000025"
"M85110","Main","Nechells, Saltley & Alum Rock","U79003","East","BSOL010","Birmingham","E08000025"
"M85110 001","Branch","Nechells, Saltley & Alum Rock","U79003","East","BSOL010","Birmingham","E08000025"
"M85113","Main","Birmingham East Central","U79433","East","BSOL010","Birmingham","E08000025"
"M85115","Main","North Birmingham","U43660","North","BSOL009","Birmingham","E08000025"
"M85116","Main","Balsall Heath, Sparkhill & Moseley","U54948","Central","BSOL008","Birmingham","E08000025"
"M85117","Main","Weoley and Rubery","U51153","South","BSOL011","Birmingham","E08000025"
"M85118","Main","Moseley, Billesley and Yardley Wood","U69625","Central","BSOL008","Birmingham","E08000025"
"M85123","Main","West Birmingham","U44365","West","BSOL012","Birmingham","E08000025"
"M85124","Main","Modality","U44537","West","BSOL012","Birmingham","E08000025"
"NQT61","Branch","Modality","U44537","West","BSOL012","Birmingham","E08000025"
"M85128","Main","Balsall Heath, Sparkhill & Moseley","U54948","Central","BSOL008","Birmingham","E08000025"
"M85134","Main","South West Birmingham","U91268","South","BSOL011","Birmingham","E08000025"
"M85706","Main","Birmingham East Central","U79433","East","BSOL010","Birmingham","E08000025"
"M85706 001","Branch","Birmingham East Central","U79433","East","BSOL010","Birmingham","E08000025"
"M85706 002","Branch","Birmingham East Central","U79433","East","BSOL010","Birmingham","E08000025"
"M85136 003","Branch","Birmingham East Central","U79433","Central","BSOL008","Birmingham","E08000025"
"M85139","Main","Washwood Heath","U76419","East","BSOL010","Birmingham","E08000025"
"M85141","Main","Shard End and Kitts Green","U72309","East","BSOL010","Birmingham","E08000025"
"M85142","Main","South Birmingham Alliance","U13655","South","BSOL011","Birmingham","E08000025"
"M85143","Main","Weoley and Rubery","U51153","South","BSOL011","Birmingham","E08000025"
"M85145","Main","Peoples Health Partnership","U25240","West","BSOL012","Birmingham","E08000025"
"M85146","Main","Small Heath","U15552","East","BSOL010","Birmingham","E08000025"
"M85149","Main","Washwood Heath","U76419","East","BSOL010","Birmingham","E08000025"
"M85153","Main","SmartCare Central","U22471","Central","BSOL008","Birmingham","E08000025"
"M85154","Main","West Birmingham","U44365","West","BSOL012","Birmingham","E08000025"
"M85155","Main","GOSK","U82305","North","BSOL009","Birmingham","E08000025"
"M85156","Main","Pershore","U88190","Central","BSOL008","Birmingham","E08000025"
"M85158","Main","GOSK","U82305","North","BSOL009","Birmingham","E08000025"
"M85164","Main","Urban Health","U48923","West","BSOL012","Birmingham","E08000025"
"C4U1D","Branch","Urban Health","U48923","West","BSOL012","Birmingham","E08000025"
"M85164 001","Branch","Urban Health","U48923","West","BSOL012","Birmingham","E08000025"
"M85167","Main","Harborne","U46454","South","BSOL011","Birmingham","E08000025"
"M85170","Main","Washwood Heath","U76419","East","BSOL010","Birmingham","E08000025"
"M85171","Main","North Solihull","U93165","Solihull","BSOL007","Solihull","E08000029"
"M85172","Main","Quinton and Harborne","U79381","South","BSOL011","Birmingham","E08000025"
"M85172 001","Branch","Quinton and Harborne","U79381","South","BSOL011","Birmingham","E08000025"
"M85174","Main","Balsall Heath, Sparkhill & Moseley","U54948","Central","BSOL008","Birmingham","E08000025"
"M85174 001","Branch","Balsall Heath, Sparkhill & Moseley","U54948","Central","BSOL008","Birmingham","E08000025"
"M85175","Main","Alliance of Sutton Practices","U47609","North","BSOL009","Birmingham","E08000025"
"M85176","Main","Peoples Health Partnership","U25240","West","BSOL012","Birmingham","E08000025"
"M85177","Main","Community Care Hall Green","U25587","Central","BSOL008","Birmingham","E08000025"
"M85178","Main","Modality","U44537","West","BSOL012","Birmingham","E08000025"
"M85178 003","Branch","Modality","U44537","West","BSOL012","Birmingham","E08000025"
"M85179","Main","SmartCare Central","U22471","Central","BSOL008","Birmingham","E08000025"
"M85600","Main","South Birmingham Alliance","U13655","South","BSOL011","Birmingham","E08000025"
"M85600 001","Branch","OHP",NA,"South","BSOL011","Birmingham","E08000025"
"M85624","Main","GOSK","U82305","North","BSOL009","Birmingham","E08000025"
"M85624 001","Branch","GOSK","U82305","North","BSOL009","Birmingham","E08000025"
"M85634","Main","I3","U65968","West","BSOL012","Birmingham","E08000025"
"M85642","Main","West Birmingham","U44365","West","BSOL012","Birmingham","E08000025"
"M85669","Main","GOSK","U82305","North","BSOL009","Birmingham","E08000025"
"M85670","Main","Washwood Heath","U76419","East","BSOL010","Birmingham","E08000025"
"M85671","Branch","South Birmingham Alliance","U13655","South","BSOL011","Birmingham","E08000025"
"M85676","Main","I3","U65968","West","BSOL012","Birmingham","E08000025"
"M85679","Main","Small Heath","U15552","East","BSOL010","Birmingham","E08000025"
"M85680","Main","Nechells, Saltley & Alum Rock","U79003","East","BSOL010","Birmingham","E08000025"
"M85684","Main","Peoples Health Partnership","U25240","West","BSOL012","Birmingham","E08000025"
"M85686","Main","West Birmingham","U44365","West","BSOL012","Birmingham","E08000025"
"M85693","Main","Pershore","U88190","Central","BSOL008","Birmingham","E08000025"
"M85694","Main","Bordesley East","U46437","East","BSOL010","Birmingham","E08000025"
"M85697","Main","I3","U65968","West","BSOL012","Birmingham","E08000025"
"M85699","Main","Small Heath","U15552","East","BSOL010","Birmingham","E08000025"
"M85701","Main","West Birmingham","U44365","West","BSOL012","Birmingham","E08000025"
"M85706 003","Branch","Birmingham East Central","U79433","East","BSOL010","Birmingham","E08000025"
"M85136","Main","SmartCare Central","U22471","Central","BSOL008","Birmingham","E08000025"
"M85136 002","Branch","SmartCare Central","U22471","Central","BSOL008","Birmingham","E08000025"
"M85711","Main","West Birmingham","U44365","West","BSOL012","Birmingham","E08000025"
"M85713","Main","Balsall Heath, Sparkhill & Moseley","U54948","Central","BSOL008","Birmingham","E08000025"
"M85715","Main","I3","U65968","West","BSOL012","Birmingham","E08000025"
"M85716","Main","North Birmingham","U43660","North","BSOL009","Birmingham","E08000025"
"M85717","Main","Bordesley East","U46437","East","BSOL010","Birmingham","E08000025"
"M85721","Main","Peoples Health Partnership","U25240","West","BSOL012","Birmingham","E08000025"
"M85722","Main","Nechells, Saltley & Alum Rock","U79003","East","BSOL010","Birmingham","E08000025"
"M85730","Main","South Birmingham Alliance","U13655","South","BSOL011","Birmingham","E08000025"
"M85732","Main","Kingstanding, Erdington & Nechells","U18195","North","BSOL009","Birmingham","E08000025"
"M85733","Main","Pershore","U88190","Central","BSOL008","Birmingham","E08000025"
"V9Y6R","Branch","Pershore","U88190","Central","BSOL008","Birmingham","E08000025"
"M85735","Main","SmartCare Central","U22471","Central","BSOL008","Birmingham","E08000025"
"M85736","Main","SmartCare Central","U22471","Central","BSOL008","Birmingham","E08000025"
"M85739","Main","Washwood Heath","U76419","East","BSOL010","Birmingham","E08000025"
"M85746","Main","Shard End and Kitts Green","U72309","East","BSOL010","Birmingham","E08000025"
"M85749","Main","Small Heath","U15552","East","BSOL010","Birmingham","E08000025"
"M85756","Main","Balsall Heath, Sparkhill & Moseley","U54948","Central","BSOL008","Birmingham","E08000025"
"M85757","Main","I3","U65968","West","BSOL012","Birmingham","E08000025"
"M85759","Main","Kingstanding, Erdington & Nechells","U18195","North","BSOL009","Birmingham","E08000025"
"M85766","Main","Balsall Heath, Sparkhill & Moseley","U54948","Central","BSOL008","Birmingham","E08000025"
"M85770","Main","Bordesley East","U46437","East","BSOL010","Birmingham","E08000025"
"M85774","Main","SmartCare Central","U22471","Central","BSOL008","Birmingham","E08000025"
"M85778","Main","Urban Health","U48923","West","BSOL012","Birmingham","E08000025"
"M85779","Main","GOSK","U82305","North","BSOL009","Birmingham","E08000025"
"M85781","Main","Small Heath","U15552","East","BSOL010","Birmingham","E08000025"
"M85783","Main","SmartCare Central","U22471","Central","BSOL008","Birmingham","E08000025"
"M85792","Main","Kingstanding, Erdington & Nechells","U18195","North","BSOL009","Birmingham","E08000025"
"M85794","Main","SmartCare Central","U22471","Central","BSOL008","Birmingham","E08000025"
"M85797","Main","I3","U65968","West","BSOL012","Birmingham","E08000025"
"M85803","Main","Nechells, Saltley & Alum Rock","U79003","East","BSOL010","Birmingham","E08000025"
"M88020","Main","Harborne","U46454","South","BSOL011","Birmingham","E08000025"
"M89001","Main","North Solihull","U93165","Solihull","BSOL007","Solihull","E08000029"
"M89002","Main","North Solihull","U93165","Solihull","BSOL007","Solihull","E08000029"
"M89003","Main","GPS Healthcare","U67607","Solihull","BSOL007","Solihull","E08000029"
"M89003 001","Branch","GPS Healthcare","U67607","Solihull","BSOL007","Solihull","E08000029"
"M89003 002","Branch","GPS Healthcare","U67607","Solihull","BSOL007","Solihull","E08000029"
"M89003 003","Branch","GPS Healthcare","U67607","Solihull","BSOL007","Solihull","E08000029"
"M89003 004","Branch","GPS Healthcare","U67607","Solihull","BSOL007","Solihull","E08000029"
"M89003 005","Branch","GPS Healthcare","U67607","Solihull","BSOL007","Solihull","E08000029"
"M89005","Main","Solihull South Central","U00351","Solihull","BSOL007","Solihull","E08000029"
"M89007","Main","Solihull South Central","U00351","Solihull","BSOL007","Solihull","E08000029"
"M89008","Main","Solihull South Central","U00351","Solihull","BSOL007","Solihull","E08000029"
"01H9G","Branch","Solihull South Central","U00351","Solihull","BSOL007","Solihull","E08000029"
"M89009","Main","North Solihull","U93165","Solihull","BSOL007","Solihull","E08000029"
"M89009 001","Branch","North Solihull","U93165","Solihull","BSOL007","Solihull","E08000029"
"M89010","Main","Solihull Rural","U41928","Solihull","BSOL007","Solihull","E08000029"
"M89012","Main","North Solihull","U93165","Solihull","BSOL007","Solihull","E08000029"
"M89013","Main","North Solihull","U93165","Solihull","BSOL007","Solihull","E08000029"
"M89013 001","Branch","North Solihull","U93165","Solihull","BSOL007","Solihull","E08000029"
"M89015","Main","Community Care Hall Green","U25587","Central","BSOL008","Birmingham","E08000025"
"M89016","Main","Solihull Rural","U41928","Solihull","BSOL007","Solihull","E08000029"
"M89016 001","Branch","Solihull Rural","U41928","Solihull","BSOL007","Solihull","E08000029"
"M89017","Main","Solihull Healthcare Partnership","U45528","Solihull","BSOL007","Solihull","E08000029"
"M89017 001","Branch","Solihull Healthcare Partnership","U45528","Solihull","BSOL007","Solihull","E08000029"
"M89017 002","Branch","Solihull Healthcare Partnership","U45528","Solihull","BSOL007","Solihull","E08000029"
"M89017 003","Branch","Solihull Healthcare Partnership","U45528","Solihull","BSOL007","Solihull","E08000029"
"M89017 004","Branch","Solihull Healthcare Partnership","U45528","Solihull","BSOL007","Solihull","E08000029"
"M89017 005","Branch","Solihull Healthcare Partnership","U45528","Solihull","BSOL007","Solihull","E08000029"
"M89017 006","Branch","Solihull Healthcare Partnership","U45528","Solihull","BSOL007","Solihull","E08000029"
"M89019","Main","Solihull South Central","U00351","Solihull","BSOL007","Solihull","E08000029"
"M89021","Main","North Solihull","U93165","Solihull","BSOL007","Solihull","E08000029"
"M89024","Main","Solihull South Central","U00351","Solihull","BSOL007","Solihull","E08000029"
"M89026","Main","North Solihull","U93165","Solihull","BSOL007","Solihull","E08000029"
"M89027","Main","North Solihull","U93165","Solihull","BSOL007","Solihull","E08000029"
"M89027 001","Branch","North Solihull","U93165","Solihull","BSOL007","Solihull","E08000029"
"M89030","Main","Solihull Rural","U41928","Solihull","BSOL007","Solihull","E08000029"
"M89608","Main","Solihull Rural","U41928","Solihull","BSOL007","Solihull","E08000029"
"M91642","Main","West Birmingham","U44365","West","BSOL012","Birmingham","E08000025"
"Y00159","Main","Community Care Hall Green","U25587","Central","BSOL008","Birmingham","E08000025"
"Y00159 001","Branch","Community Care Hall Green","U25587","Central","BSOL008","Birmingham","E08000025"
"Y00412","Main","Peoples Health Partnership","U25240","West","BSOL012","Birmingham","E08000025"
"Y00471","Main","Urban Health","U48923","West","BSOL012","Birmingham","E08000025"
"Y00492","Main","I3","U65968","West","BSOL012","Birmingham","E08000025"
"Y01068","Main","Washwood Heath","U76419","East","BSOL010","Birmingham","E08000025"
"Y02567","Main","Shard End and Kitts Green","U72309","East","BSOL010","Birmingham","E08000025"
"Y02571","Main","Moseley, Billesley and Yardley Wood","U69625","Central","BSOL008","Birmingham","E08000025"
"Y02794","Main","Washwood Heath","U76419","East","BSOL010","Birmingham","E08000025"
"Y02893","Main","Bordesley East","U46437","East","BSOL010","Birmingham","E08000025"
"M85008","Branch","Bordesley East","U46437","East","BSOL010","Birmingham","E08000025"
"Y03597","Main","Washwood Heath","U76419","East","BSOL010","Birmingham","E08000025"
"Y05826","Main","Balsall Heath, Sparkhill & Moseley","U54948","Central","BSOL008","Birmingham","E08000025"
"Y06378","Main","Pioneers Integrated Partnership","U54554","West","BSOL012","Birmingham","E08000025"
"Y01057","Main","SmartCare Central","U22471","Central","BSOL008","Birmingham","E08000025"
"Y00213","Main","Modality","U44537","West","BSOL012","Birmingham","E08000025"
